{
    "Greedy": {
        "Mapping": [
            [
                0,
                0
            ],
            [
                1,
                2
            ],
            [
                2,
                1
            ],
            [
                3,
                3
            ],
            [
                4,
                7
            ],
            [
                5,
                5
            ],
            [
                6,
                4
            ],
            [
                7,
                9
            ],
            [
                8,
                6
            ],
            [
                9,
                8
            ]
        ],
        "Score": 0,
        "Time": 8.20159912109375e-05
    },
    "BruteForce": {
        "Mapping": [
            [
                0,
                1
            ],
            [
                1,
                4
            ],
            [
                2,
                9
            ],
            [
                3,
                3
            ],
            [
                4,
                7
            ],
            [
                5,
                8
            ],
            [
                6,
                6
            ],
            [
                7,
                0
            ],
            [
                8,
                2
            ],
            [
                9,
                5
            ]
        ],
        "Score": 10,
        "Time": 89.26517581939697
    },
    "ACO": {
        "Mapping": [
            [
                0,
                3
            ],
            [
                1,
                4
            ],
            [
                2,
                9
            ],
            [
                3,
                1
            ],
            [
                4,
                8
            ],
            [
                5,
                7
            ],
            [
                6,
                0
            ],
            [
                7,
                2
            ],
            [
                8,
                6
            ],
            [
                9,
                5
            ]
        ],
        "Score": 6,
        "Time": 11.968938112258911
    }
}