{
    "Greedy": {
        "Mapping": [
            [
                0,
                0
            ],
            [
                1,
                1
            ],
            [
                2,
                2
            ],
            [
                3,
                3
            ],
            [
                4,
                4
            ]
        ],
        "Score": 0,
        "Time": 7.749999895168003e-05
    },
    "BruteForce": {
        "Mapping": [
            [
                0,
                0
            ],
            [
                1,
                2
            ],
            [
                2,
                4
            ],
            [
                3,
                1
            ],
            [
                4,
                3
            ]
        ],
        "Score": 6,
        "Time": 0.014025000000401633
    },
    "ACO": {
        "Mapping": [
            [
                0,
                1
            ],
            [
                1,
                2
            ],
            [
                2,
                4
            ],
            [
                3,
                0
            ],
            [
                4,
                3
            ]
        ],
        "Score": 6,
        "Time": 0.002540099998441292
    }
}