{
    "Greedy": {
        "Mapping": [
            [
                0,
                0
            ],
            [
                1,
                2
            ],
            [
                2,
                3
            ],
            [
                3,
                4
            ],
            [
                4,
                1
            ]
        ],
        "Score": 2,
        "Time": 2.6863999664783478e-05
    },
    "BruteForce": {
        "Mapping": [
            [
                2,
                0
            ],
            [
                3,
                3
            ]
        ],
        "Score": 0,
        "Time": 0.008248471000115387
    },
    "ACO": {
        "Mapping": [
            [
                0,
                4
            ],
            [
                1,
                2
            ],
            [
                2,
                3
            ],
            [
                3,
                1
            ],
            [
                4,
                0
            ]
        ],
        "Score": 4,
        "Time": 0.00409790100002283
    }
}