{
    "Greedy": {
        "Mapping": [
            [
                0,
                0
            ],
            [
                1,
                2
            ],
            [
                2,
                3
            ],
            [
                3,
                4
            ],
            [
                4,
                1
            ]
        ],
        "Score": 2,
        "Time": 2.7203000058761972e-05
    },
    "BruteForce": {
        "Mapping": [
            [
                0,
                4
            ],
            [
                1,
                2
            ],
            [
                2,
                0
            ],
            [
                3,
                1
            ],
            [
                4,
                3
            ]
        ],
        "Score": 6,
        "Time": 0.03302109300000211
    },
    "ACO": {
        "Mapping": [
            [
                0,
                4
            ],
            [
                1,
                2
            ],
            [
                2,
                0
            ],
            [
                3,
                1
            ],
            [
                4,
                3
            ]
        ],
        "Score": 6,
        "Time": 0.0026680729999952746
    }
}