{
    "Greedy": {
        "Mapping": [
            [
                0,
                0
            ],
            [
                1,
                2
            ],
            [
                2,
                3
            ],
            [
                3,
                4
            ],
            [
                4,
                1
            ]
        ],
        "Score": 2,
        "Time": 0.00013889999991079094
    },
    "BruteForce": {
        "Mapping": [
            [
                2,
                0
            ],
            [
                3,
                3
            ]
        ],
        "Score": 0,
        "Time": 0.019691099999818107
    },
    "ACO": {
        "Mapping": [
            [
                0,
                4
            ],
            [
                1,
                2
            ],
            [
                2,
                3
            ],
            [
                3,
                0
            ],
            [
                4,
                1
            ]
        ],
        "Score": 4,
        "Time": 0.004262899999957881
    }
}